TeamName,PassAccuracy
Spain,89.33333333333333
Germany,89.25
France,88.75
Portugal,88.5
Belgium,87.0
Italy,86.85714285714286
Ukraine,86.6
England,86.28571428571429
Croatia,85.25
Switzerland,84.6
Slovakia,84.33333333333333
Turkey,83.66666666666667
Netherlands,82.5
Denmark,82.4
Austria,81.5
Russia,80.5
North Macedonia,79.66666666666667
Scotland,79.66666666666667
Wales,79.25
Czech Republic,77.4
Hungary,77.33333333333333
Poland,75.66666666666667
Finland,73.33333333333333
Sweden,71.0
